{
	"credit": "Made with Blockbench",
	"texture_size": [32, 32],
	"textures": {
		"1": "perfectplushies:block/capybara_plushie",
		"particle": "perfectplushies:block/capybara_plushie"
	},
	"elements": [
		{
			"from": [3.40019, 0.07749, 4.98058],
			"to": [5.71091, 1.81053, 7.2913],
			"rotation": {"angle": -22.5, "axis": "y", "origin": [5.55555, 0.94401, 6.63594]},
			"faces": {
				"north": {"uv": [3.05, 7.55, 3.95, 8.45], "rotation": 270, "texture": "#1"},
				"east": {"uv": [8.95, 8.45, 8.05, 7.55], "rotation": 90, "texture": "#1"},
				"south": {"uv": [5.05, 8.05, 5.95, 8.95], "rotation": 90, "texture": "#1"},
				"west": {"uv": [3.95, 8.55, 3.05, 9.45], "rotation": 90, "texture": "#1"},
				"up": {"uv": [8.05, 6.55, 8.95, 7.45], "rotation": 90, "texture": "#1"},
				"down": {"uv": [4.05, 8.05, 4.95, 8.95], "rotation": 90, "texture": "#1"}
			}
		},
		{
			"from": [10.28909, 0.07749, 4.98058],
			"to": [12.59981, 1.81053, 7.2913],
			"rotation": {"angle": 22.5, "axis": "y", "origin": [10.44445, 0.94401, 6.63594]},
			"faces": {
				"north": {"uv": [3.05, 8.45, 3.95, 7.55], "rotation": 270, "texture": "#1"},
				"east": {"uv": [3.95, 9.45, 3.05, 8.55], "rotation": 90, "texture": "#1"},
				"south": {"uv": [5.05, 8.95, 5.95, 8.05], "rotation": 90, "texture": "#1"},
				"west": {"uv": [8.95, 7.55, 8.05, 8.45], "rotation": 90, "texture": "#1"},
				"up": {"uv": [8.05, 7.45, 8.95, 6.55], "rotation": 90, "texture": "#1"},
				"down": {"uv": [4.05, 8.95, 4.95, 8.05], "rotation": 90, "texture": "#1"}
			}
		},
		{
			"from": [10.28909, 0.07749, 10.7087],
			"to": [12.59981, 1.81053, 13.01942],
			"rotation": {"angle": -22.5, "axis": "y", "origin": [10.44445, 0.94401, 11.36406]},
			"faces": {
				"north": {"uv": [5.05, 8.05, 5.95, 8.95], "rotation": 90, "texture": "#1"},
				"east": {"uv": [3.95, 8.55, 3.05, 9.45], "rotation": 90, "texture": "#1"},
				"south": {"uv": [3.05, 7.55, 3.95, 8.45], "rotation": 270, "texture": "#1"},
				"west": {"uv": [8.95, 8.45, 8.05, 7.55], "rotation": 90, "texture": "#1"},
				"up": {"uv": [8.95, 7.45, 8.05, 6.55], "rotation": 90, "texture": "#1"},
				"down": {"uv": [4.95, 8.95, 4.05, 8.05], "rotation": 90, "texture": "#1"}
			}
		},
		{
			"from": [3.40019, 0.07749, 10.7087],
			"to": [5.71091, 1.81053, 13.01942],
			"rotation": {"angle": 22.5, "axis": "y", "origin": [5.55555, 0.94401, 11.36406]},
			"faces": {
				"north": {"uv": [5.05, 8.95, 5.95, 8.05], "rotation": 90, "texture": "#1"},
				"east": {"uv": [8.95, 7.55, 8.05, 8.45], "rotation": 90, "texture": "#1"},
				"south": {"uv": [3.05, 8.45, 3.95, 7.55], "rotation": 270, "texture": "#1"},
				"west": {"uv": [3.95, 9.45, 3.05, 8.55], "rotation": 90, "texture": "#1"},
				"up": {"uv": [8.95, 6.55, 8.05, 7.45], "rotation": 90, "texture": "#1"},
				"down": {"uv": [4.95, 8.05, 4.05, 8.95], "rotation": 90, "texture": "#1"}
			}
		},
		{
			"from": [5.68928, -0.03928, 4.98058],
			"to": [10.31072, 4.58216, 13.0681],
			"rotation": {"angle": 0, "axis": "y", "origin": [8, 2.99981, 8]},
			"faces": {
				"north": {"uv": [0.05, 5.05, 2.45, 7.45], "texture": "#1"},
				"east": {"uv": [0.05, 0.05, 3.95, 2.45], "texture": "#1"},
				"south": {"uv": [6.55, 0.05, 8.95, 2.45], "texture": "#1"},
				"west": {"uv": [0.05, 2.55, 3.95, 4.95], "texture": "#1"},
				"up": {"uv": [6.45, 3.95, 4.05, 0.05], "texture": "#1"},
				"down": {"uv": [6.45, 4.05, 4.05, 7.95], "texture": "#1"}
			}
		},
		{
			"from": [6.93071, 6.60172, 4.98058],
			"to": [8.37491, 8.19034, 6.13594],
			"rotation": {"angle": -22.5, "axis": "z", "origin": [8, 2.99981, 8]},
			"faces": {
				"north": {"uv": [6.05, 8.05, 6.45, 8.95], "texture": "#1"},
				"east": {"uv": [3.05, 9.55, 3.45, 10.45], "texture": "#1"},
				"south": {"uv": [3.55, 9.55, 3.95, 10.45], "texture": "#1"},
				"west": {"uv": [8.05, 9.55, 8.45, 10.45], "texture": "#1"},
				"up": {"uv": [10.45, 3.45, 10.05, 3.05], "texture": "#1"},
				"down": {"uv": [10.45, 3.55, 10.05, 3.95], "texture": "#1"}
			}
		},
		{
			"from": [6.26696, 2.77144, 1.5145],
			"to": [9.73304, 6.8152, 6.71362],
			"rotation": {"angle": 0, "axis": "y", "origin": [8, 2.99981, 8]},
			"faces": {
				"north": {"uv": [0.05, 7.55, 1.45, 9.45], "texture": "#1"},
				"east": {"uv": [6.55, 2.55, 8.95, 4.45], "texture": "#1"},
				"south": {"uv": [1.55, 7.55, 2.95, 9.45], "texture": "#1"},
				"west": {"uv": [6.55, 4.55, 8.95, 6.45], "texture": "#1"},
				"up": {"uv": [3.95, 7.45, 2.55, 5.05], "texture": "#1"},
				"down": {"uv": [7.95, 6.55, 6.55, 8.95], "texture": "#1"}
			}
		},
		{
			"from": [7.62509, 6.60172, 4.98058],
			"to": [9.06929, 8.19034, 6.13594],
			"rotation": {"angle": 22.5, "axis": "z", "origin": [8, 2.99981, 8]},
			"faces": {
				"north": {"uv": [8.55, 9.55, 8.95, 10.45], "texture": "#1"},
				"east": {"uv": [10.05, 0.05, 10.45, 0.95], "texture": "#1"},
				"south": {"uv": [10.05, 1.05, 10.45, 1.95], "texture": "#1"},
				"west": {"uv": [10.05, 2.05, 10.45, 2.95], "texture": "#1"},
				"up": {"uv": [4.45, 10.45, 4.05, 10.05], "texture": "#1"},
				"down": {"uv": [10.45, 4.05, 10.05, 4.45], "texture": "#1"}
			}
		}
	],
	"display": {
		"thirdperson_righthand": {
			"rotation": [83.75, 0, 0],
			"translation": [0, -0.25, 3.25],
			"scale": [0.9, 0.9, 0.9]
		},
		"thirdperson_lefthand": {
			"rotation": [83.75, 0, 0],
			"translation": [0, -0.25, 3.25]
		},
		"firstperson_righthand": {
			"rotation": [19.25, 0, 0],
			"translation": [2, 5, 0],
			"scale": [1, 1, 0.86]
		},
		"firstperson_lefthand": {
			"rotation": [19.25, 0, 0],
			"translation": [2, 5, 0],
			"scale": [1, 1, 0.86]
		},
		"ground": {
			"translation": [0, 3.25, 0],
			"scale": [0.75, 0.75, 0.75]
		},
		"gui": {
			"rotation": [-155, 30, -180],
			"translation": [-0.5, 5.25, 0],
			"scale": [1.2, 1.2, 1.2]
		},
		"head": {
			"translation": [0, 15.75, -1],
			"scale": [1.2, 1.2, 1.2]
		},
		"fixed": {
			"rotation": [-90, 0, 0],
			"translation": [0, 0.25, -6.25]
		}
	},
	"groups": [
		{
			"name": "main",
			"origin": [3.37856, 0, 8.99754],
			"color": 0,
			"children": [0, 1, 2, 3, 4, 5, 6, 7]
		}
	]
}